feature,importance
Delivery_person_Ratings,0.2089360329119765
Road_traffic_density,0.16544109716715744
distance_km,0.11285127761431028
multiple_deliveries,0.11242647783194476
Delivery_person_Age,0.10337067797308538
Vehicle_condition,0.07942533880989157
Weatherconditions_Sunny,0.07632100231595156
Weatherconditions_Fog,0.03362314183449508
Weatherconditions_Sandstorms,0.023360004945493326
Weatherconditions_Stormy,0.02152731157235798
Weatherconditions_Windy,0.02126264440859161
Festival,0.01997074497403087
City_Urban,0.004791502731645386
prep_time_min,0.004283592090195118
Type_of_vehicle_motorcycle,0.0033102967995445004
Type_of_order_Snack,0.0019239488488039184
Type_of_order_Meal,0.001880670641156901
City_Semi-Urban,0.0018275015366080005
Type_of_order_Drinks,0.0018267160580347664
Type_of_vehicle_scooter,0.0016400189347250888
